{"cameraMode":{"drawMode":0,"name":"Shaded","section":"Shading Mode"},"sceneLighting":true,"audioPlay":false,"sceneViewState":{"m_AlwaysRefresh":false,"showFog":true,"showSkybox":true,"showFlares":true,"showImageEffects":true,"showParticleSystems":true,"showVisualEffectGraphs":true,"m_FxEnabled":true},"in2DMode":false,"pivot":{"x":-16.200611114501954,"y":-0.2197713851928711,"z":8.578351020812989},"rotation":{"x":0.08757001906633377,"y":-0.5076218247413635,"z":0.05195729061961174,"w":0.8555465340614319},"size":27.758296966552736,"orthographic":false}